{"single:pressure_low": 1776319252.292283, "combo:humidity_high,pressure_low": 1776311615.416472, "combo:humidity_high,pressure_change,pressure_low": 1776319254.9747627, "combo:humidity_high,pressure_low,wind_ne": 1776294586.5411367, "combo:pressure_change,pressure_low": 1776236878.3691752, "combo:pressure_change,pressure_low,wind_ne": 1776243703.711045, "combo:pressure_low,wind_ne": 1776254137.3842812, "combo:humidity_high,pressure_change,pressure_low,wind_ne": 1776287632.4642992, "single:humidity_high": 1776319253.145101, "single:pressure_change": 1776319254.0544467}