{"['pressure_low']": 1775904704.8652456, "['wind_ne', 'pressure_low']": 1775901575.4983366}