{"single:pressure_low": 1776002925.574629, "combo:humidity_high,pressure_low": 1776002927.2734077, "combo:humidity_high,pressure_change,pressure_low": 1775943096.1914153, "combo:humidity_high,pressure_low,wind_ne": 1775946666.754297, "combo:pressure_change,pressure_low": 1775970695.1789138, "combo:pressure_change,pressure_low,wind_ne": 1775980955.1464276, "combo:pressure_low,wind_ne": 1775999117.667672, "single:humidity_high": 1776002926.4191284}