{"single:pressure_low": 1776026076.3647604, "combo:humidity_high,pressure_low": 1776012743.0659416, "combo:humidity_high,pressure_change,pressure_low": 1775943096.1914153, "combo:humidity_high,pressure_low,wind_ne": 1776026078.4436264, "combo:pressure_change,pressure_low": 1775970695.1789138, "combo:pressure_change,pressure_low,wind_ne": 1775980955.1464276, "combo:pressure_low,wind_ne": 1775999117.667672, "single:humidity_high": 1776026077.3565493, "single:wind_ne": 1776026075.2855344, "combo:humidity_high,pressure_change,pressure_low,wind_ne": 1776022711.447042}