{"single:pressure_low": 1775935528.6931298, "single:humidity_high": 1775935529.6505122}