{"['pressure_low']": 1775904704.8652456, "['wind_ne', 'pressure_low']": 1775919261.3545432, "['wind_ne', 'pressure_low', 'humidity_high']": 1775926462.2448332}