{"combo:humidity_high,pressure_low": 1776343326.3268976, "combo:humidity_high,pressure_change,pressure_low": 1776319254.9747627, "combo:humidity_high,pressure_low,wind_ne": 1776294586.5411367, "combo:pressure_change,pressure_low": 1776502141.0548453, "combo:pressure_change,pressure_low,wind_ne": 1776542325.4372942, "combo:pressure_low,wind_ne": 1776548038.1355681, "combo:humidity_high,pressure_change,pressure_low,wind_ne": 1776287632.4642992, "single:wind_ne": 1776548036.0698168, "combo:pressure_change,wind_ne": 1776539666.9050014, "single:pressure_low": 1776548037.0754921}