{"combo:humidity_high,pressure_low": 1776343326.3268976, "combo:humidity_high,pressure_change,pressure_low": 1776319254.9747627, "combo:humidity_high,pressure_low,wind_ne": 1776294586.5411367, "combo:pressure_change,pressure_low": 1776576481.3702638, "combo:pressure_change,pressure_low,wind_ne": 1776542325.4372942, "combo:pressure_low,wind_ne": 1776555212.7623975, "combo:humidity_high,pressure_change,pressure_low,wind_ne": 1776287632.4642992, "combo:pressure_change,wind_ne": 1776539666.9050014, "single:pressure_low": 1776576479.3643181, "single:pressure_change": 1776576480.3389168}