{"single:pressure_low": 1775970693.1558447, "combo:humidity_high,pressure_low": 1775960925.5919719, "combo:humidity_high,pressure_change,pressure_low": 1775943096.1914153, "combo:humidity_high,pressure_low,wind_ne": 1775946666.754297, "single:pressure_change": 1775970694.2152617, "combo:pressure_change,pressure_low": 1775970695.1789138}