{"single:pressure_low": 1776086608.0987477, "combo:humidity_high,pressure_low": 1776080976.5352848, "combo:humidity_high,pressure_change,pressure_low": 1775943096.1914153, "combo:humidity_high,pressure_low,wind_ne": 1776086610.3180113, "combo:pressure_change,pressure_low": 1776067300.7634845, "combo:pressure_change,pressure_low,wind_ne": 1775980955.1464276, "combo:pressure_low,wind_ne": 1775999117.667672, "combo:humidity_high,pressure_change,pressure_low,wind_ne": 1776029620.8526201, "single:humidity_high": 1776086609.2111747, "single:wind_ne": 1776086607.0032356}