{"['pressure_low']": 1775893216.9017093, "['wind_ne', 'pressure_low']": 1775889818.3848822}