{"single:pressure_low": 1775976783.3271842, "combo:humidity_high,pressure_low": 1775960925.5919719, "combo:humidity_high,pressure_change,pressure_low": 1775943096.1914153, "combo:humidity_high,pressure_low,wind_ne": 1775946666.754297, "single:pressure_change": 1775976784.3197262, "combo:pressure_change,pressure_low": 1775970695.1789138, "single:wind_ne": 1775976782.3280642, "combo:pressure_change,pressure_low,wind_ne": 1775976785.3630679}