{"single:pressure_low": 1776284048.929562, "combo:humidity_high,pressure_low": 1776284050.760753, "combo:humidity_high,pressure_change,pressure_low": 1776280514.4845555, "combo:humidity_high,pressure_low,wind_ne": 1776269058.5234537, "combo:pressure_change,pressure_low": 1776236878.3691752, "combo:pressure_change,pressure_low,wind_ne": 1776243703.711045, "combo:pressure_low,wind_ne": 1776254137.3842812, "combo:humidity_high,pressure_change,pressure_low,wind_ne": 1776196101.4344742, "single:humidity_high": 1776284049.896492}