{"single:pressure_low": 1775950336.1401334, "single:humidity_high": 1775950336.9471955, "combo:humidity_high,pressure_low": 1775950337.790672, "combo:humidity_high,pressure_change,pressure_low": 1775943096.1914153, "combo:humidity_high,pressure_low,wind_ne": 1775946666.754297}