{"single:pressure_low": 1775936122.8984091, "single:humidity_high": 1775936123.9683542, "combo:humidity_high,pressure_low": 1775936124.9816995}