{"single:pressure_low": 1776022709.062124, "combo:humidity_high,pressure_low": 1776012743.0659416, "combo:humidity_high,pressure_change,pressure_low": 1775943096.1914153, "combo:humidity_high,pressure_low,wind_ne": 1776019621.3316019, "combo:pressure_change,pressure_low": 1775970695.1789138, "combo:pressure_change,pressure_low,wind_ne": 1775980955.1464276, "combo:pressure_low,wind_ne": 1775999117.667672, "single:humidity_high": 1776022709.851744, "single:wind_ne": 1776022708.1995296, "single:pressure_change": 1776022710.6573884, "combo:humidity_high,pressure_change,pressure_low,wind_ne": 1776022711.447042}